{
  "type": "FeatureCollection",
  "features": [
    {
      "type": "Feature",
      "properties": {
        "nameKo": "한강대교",
        "sourceId": "osm:relation/11970731",
        "sourceUrl": "https://www.openstreetmap.org/relation/11970731",
        "wayIds": [
          "880047957",
          "880047958"
        ],
        "osmTags": [
          {},
          {}
        ],
        "geometrySource": "closed OSM way outline(s) from /full"
      },
      "geometry": {
        "type": "MultiPolygon",
        "coordinates": [
          [
            [
              [
                126.9560536,
                37.5139704
              ],
              [
                126.958132,
                37.5169878
              ],
              [
                126.9586236,
                37.5167598
              ],
              [
                126.958317,
                37.5163241
              ],
              [
                126.9569327,
                37.5143809
              ],
              [
                126.9564644,
                37.5138064
              ],
              [
                126.9560536,
                37.5139704
              ]
            ]
          ],
          [
            [
              [
                126.9595585,
                37.5190768
              ],
              [
                126.960601,
                37.5208495
              ],
              [
                126.960572,
                37.5208658
              ],
              [
                126.961284,
                37.5220186
              ],
              [
                126.9613095,
                37.5220095
              ],
              [
                126.9617642,
                37.5218479
              ],
              [
                126.9612172,
                37.5208199
              ],
              [
                126.9610733,
                37.520685
              ],
              [
                126.9595278,
                37.5180839
              ],
              [
                126.9590386,
                37.5182337
              ],
              [
                126.9595585,
                37.5190768
              ]
            ]
          ]
        ]
      }
    },
    {
      "type": "Feature",
      "properties": {
        "nameKo": "한강철교",
        "sourceId": "osm:relation/11970744",
        "sourceUrl": "https://www.openstreetmap.org/relation/11970744",
        "wayIds": [
          "880050987",
          "880050988",
          "880050989",
          "880050990"
        ],
        "osmTags": [
          {
            "bridge": "yes",
            "bridge:structure": "truss",
            "layer": "1",
            "man_made": "bridge",
            "name": "한강철교 C선",
            "name:zh": "汉江铁桥 C线",
            "ref": "C"
          },
          {
            "bridge": "yes",
            "bridge:structure": "truss",
            "layer": "1",
            "man_made": "bridge",
            "name": "한강철교 D선",
            "name:zh": "汉江铁桥 D线",
            "ref": "D"
          },
          {
            "bridge": "yes",
            "bridge:structure": "truss",
            "layer": "1",
            "man_made": "bridge",
            "name": "한강철교 A선",
            "name:zh": "汉江铁桥 A线",
            "ref": "A"
          },
          {
            "bridge": "yes",
            "bridge:structure": "truss",
            "layer": "1",
            "man_made": "bridge",
            "name": "한강철교 B선",
            "name:zh": "汉江铁桥 B线",
            "ref": "B"
          }
        ],
        "geometrySource": "closed OSM way outline(s) from /full"
      },
      "geometry": {
        "type": "MultiPolygon",
        "coordinates": [
          [
            [
              [
                126.9542699,
                37.5212341
              ],
              [
                126.9539279,
                37.5208475
              ],
              [
                126.9534023,
                37.5203031
              ],
              [
                126.9527924,
                37.5196817
              ],
              [
                126.9486688,
                37.5158038
              ],
              [
                126.9486075,
                37.5158625
              ],
              [
                126.9510153,
                37.5180815
              ],
              [
                126.9525387,
                37.5195428
              ],
              [
                126.9533399,
                37.5203321
              ],
              [
                126.9537097,
                37.5207118
              ],
              [
                126.9543378,
                37.5213929
              ],
              [
                126.9548069,
                37.5219503
              ],
              [
                126.9483696,
                37.5159359
              ],
              [
                126.9482967,
                37.5159802
              ],
              [
                126.9516108,
                37.5190624
              ],
              [
                126.9565005,
                37.5236254
              ],
              [
                126.9565752,
                37.5235738
              ],
              [
                126.9561884,
                37.5232082
              ],
              [
                126.9555262,
                37.5225919
              ],
              [
                126.9548629,
                37.5218863
              ],
              [
                126.9547879,
                37.5217967
              ],
              [
                126.9542699,
                37.5212341
              ]
            ]
          ],
          [
            [
              [
                126.9563705,
                37.5237254
              ],
              [
                126.9564735,
                37.5236607
              ],
              [
                126.9484172,
                37.5163708
              ],
              [
                126.948166,
                37.5161435
              ],
              [
                126.9480716,
                37.5161954
              ],
              [
                126.9516453,
                37.5194462
              ],
              [
                126.9563705,
                37.5237254
              ]
            ]
          ],
          [
            [
              [
                126.9562286,
                37.5238155
              ],
              [
                126.9563166,
                37.5237674
              ],
              [
                126.9541701,
                37.521859
              ],
              [
                126.9536348,
                37.5213831
              ],
              [
                126.9534717,
                37.521238
              ],
              [
                126.9517027,
                37.5196652
              ],
              [
                126.9478885,
                37.5163208
              ],
              [
                126.9477813,
                37.5163937
              ],
              [
                126.9562286,
                37.5238155
              ]
            ]
          ]
        ]
      }
    },
    {
      "type": "Feature",
      "properties": {
        "nameKo": "월드컵대교",
        "sourceId": "osm:relation/19843816",
        "sourceUrl": "https://www.openstreetmap.org/relation/19843816",
        "wayIds": [
          "polygonized-outer"
        ],
        "osmTags": [
          {}
        ],
        "geometrySource": "polygonized OSM outer segments from /full"
      },
      "geometry": {
        "type": "Polygon",
        "coordinates": [
          [
            [
              126.8870957,
              37.5599267
            ],
            [
              126.8871301,
              37.5599133
            ],
            [
              126.8871673,
              37.5598988
            ],
            [
              126.8872078,
              37.5598844
            ],
            [
              126.8872521,
              37.5598687
            ],
            [
              126.8873106,
              37.5598364
            ],
            [
              126.8873536,
              37.5598145
            ],
            [
              126.8869849,
              37.5592642
            ],
            [
              126.8840741,
              37.5534616
            ],
            [
              126.8837262,
              37.5527838
            ],
            [
              126.883687,
              37.5527835
            ],
            [
              126.8836526,
              37.5527824
            ],
            [
              126.8836261,
              37.552737
            ],
            [
              126.8833492,
              37.5521979
            ],
            [
              126.8828689,
              37.5512674
            ],
            [
              126.882693,
              37.5507162
            ],
            [
              126.8822509,
              37.5496716
            ],
            [
              126.8822257,
              37.5495048
            ],
            [
              126.882267,
              37.5493127
            ],
            [
              126.8823499,
              37.5491214
            ],
            [
              126.8821912,
              37.5491156
            ],
            [
              126.8821309,
              37.5491134
            ],
            [
              126.8818671,
              37.5491222
            ],
            [
              126.8817905,
              37.5491248
            ],
            [
              126.8819204,
              37.5497937
            ],
            [
              126.8823319,
              37.5508352
            ],
            [
              126.882864,
              37.5519245
            ],
            [
              126.8833468,
              37.5528874
            ],
            [
              126.8845185,
              37.5550795
            ],
            [
              126.886511,
              37.5590934
            ],
            [
              126.8869854,
              37.5599634
            ],
            [
              126.8870427,
              37.5599443
            ],
            [
              126.8870957,
              37.5599267
            ]
          ]
        ]
      }
    },
    {
      "type": "Feature",
      "properties": {
        "nameKo": "행주대교",
        "sourceId": "osm:relation/20507715",
        "sourceUrl": "https://www.openstreetmap.org/relation/20507715",
        "wayIds": [
          "972539088",
          "1501145330"
        ],
        "osmTags": [
          {
            "layer": "1",
            "man_made": "bridge",
            "start_date": "2000-12-16"
          },
          {
            "layer": "1",
            "man_made": "bridge",
            "start_date": "1995-05-19"
          }
        ],
        "geometrySource": "closed OSM way outline(s) from /full"
      },
      "geometry": {
        "type": "MultiPolygon",
        "coordinates": [
          [
            [
              [
                126.8148074,
                37.6033348
              ],
              [
                126.8148584,
                37.6033051
              ],
              [
                126.8148693,
                37.6032987
              ],
              [
                126.8148809,
                37.603292
              ],
              [
                126.8081904,
                37.596074
              ],
              [
                126.8050641,
                37.5927129
              ],
              [
                126.8050534,
                37.5927191
              ],
              [
                126.8050451,
                37.592724
              ],
              [
                126.8050078,
                37.5927457
              ],
              [
                126.8049424,
                37.5927873
              ],
              [
                126.8147642,
                37.6033588
              ],
              [
                126.8148074,
                37.6033348
              ]
            ]
          ],
          [
            [
              [
                126.8145509,
                37.6034797
              ],
              [
                126.8145658,
                37.6034711
              ],
              [
                126.8145791,
                37.6034633
              ],
              [
                126.8146118,
                37.6034443
              ],
              [
                126.8146822,
                37.6034043
              ],
              [
                126.8048551,
                37.5928396
              ],
              [
                126.8047914,
                37.5928745
              ],
              [
                126.8047595,
                37.5928931
              ],
              [
                126.8047447,
                37.5929017
              ],
              [
                126.8047306,
                37.59291
              ],
              [
                126.8114682,
                37.6002043
              ],
              [
                126.8134147,
                37.6023019
              ],
              [
                126.8145509,
                37.6034797
              ]
            ]
          ]
        ]
      }
    },
    {
      "type": "Feature",
      "properties": {
        "nameKo": "당산철교",
        "sourceId": "osm:way/1025707744",
        "sourceUrl": "https://www.openstreetmap.org/way/1025707744",
        "wayIds": [
          "1025707744"
        ],
        "osmTags": [
          {
            "bridge:structure": "arch",
            "layer": "1",
            "man_made": "bridge",
            "name": "당산철교",
            "name:el": "Σιδηροδρομική Γέφυρα Ντάνγκσαν",
            "name:en": "Dangsan Railway Bridge",
            "name:ja": "堂山鉄橋",
            "name:ko": "당산철교",
            "name:ko-Hani": "堂山鉄橋",
            "name:ko-Latn": "Dangsancheolgyo",
            "name:zh": "堂山铁桥",
            "wikidata": "Q489510",
            "wikipedia": "ko:당산철교"
          }
        ],
        "geometrySource": "closed OSM way outline(s) from /full"
      },
      "geometry": {
        "type": "Polygon",
        "coordinates": [
          [
            [
              126.9033937,
              37.5356337
            ],
            [
              126.9032433,
              37.535711
            ],
            [
              126.9038791,
              37.5364407
            ],
            [
              126.9048131,
              37.5374702
            ],
            [
              126.9060375,
              37.5388742
            ],
            [
              126.9074162,
              37.5404821
            ],
            [
              126.9100072,
              37.5434638
            ],
            [
              126.910579,
              37.5441172
            ],
            [
              126.9110673,
              37.5447132
            ],
            [
              126.911503,
              37.5453446
            ],
            [
              126.9117188,
              37.5458123
            ],
            [
              126.9121052,
              37.54692
            ],
            [
              126.9121357,
              37.5469135
            ],
            [
              126.9121809,
              37.5469038
            ],
            [
              126.9122111,
              37.5468973
            ],
            [
              126.9118158,
              37.5458016
            ],
            [
              126.9116154,
              37.545307
            ],
            [
              126.9111821,
              37.5446592
            ],
            [
              126.9107101,
              37.5440426
            ],
            [
              126.9068803,
              37.5396539
            ],
            [
              126.9049008,
              37.5373654
            ],
            [
              126.9033937,
              37.5356337
            ]
          ]
        ]
      }
    },
    {
      "type": "Feature",
      "properties": {
        "nameKo": "잠실철교",
        "sourceId": "osm:way/1025707747",
        "sourceUrl": "https://www.openstreetmap.org/way/1025707747",
        "wayIds": [
          "1025707747"
        ],
        "osmTags": [
          {
            "bridge": "yes",
            "bridge:structure": "beam",
            "layer": "2",
            "man_made": "bridge",
            "manufacturer": "동아건설",
            "name": "잠실철교",
            "name:el": "Σιδηροδρομική Γέφυρα Τζάμσιλ",
            "name:en": "Jamsil Railway Bridge",
            "name:ko": "잠실철교",
            "name:ko-Latn": "jamsilcheolgyo",
            "start_date": "1979-10-30",
            "wikidata": "Q6708960",
            "wikipedia": "ko:잠실철교"
          }
        ],
        "geometrySource": "closed OSM way outline(s) from /full"
      },
      "geometry": {
        "type": "Polygon",
        "coordinates": [
          [
            [
              127.1028092,
              37.5225664
            ],
            [
              127.1026417,
              37.5224909
            ],
            [
              127.1018632,
              37.5237484
            ],
            [
              127.0957751,
              37.5333071
            ],
            [
              127.0957135,
              37.5333894
            ],
            [
              127.0955241,
              37.5336367
            ],
            [
              127.0952163,
              37.5341058
            ],
            [
              127.0951797,
              37.5341649
            ],
            [
              127.0952285,
              37.5341983
            ],
            [
              127.0951805,
              37.5342568
            ],
            [
              127.0953463,
              37.5343227
            ],
            [
              127.0957597,
              37.5337046
            ],
            [
              127.0959406,
              37.5334521
            ],
            [
              127.0971022,
              37.5316393
            ],
            [
              127.0982708,
              37.5298136
            ],
            [
              127.1005684,
              37.5262383
            ],
            [
              127.1023579,
              37.5233648
            ],
            [
              127.1028092,
              37.5225664
            ]
          ]
        ]
      }
    },
    {
      "type": "Feature",
      "properties": {
        "nameKo": "성수대교",
        "sourceId": "osm:way/1042090895",
        "sourceUrl": "https://www.openstreetmap.org/way/1042090895",
        "wayIds": [
          "1042090895"
        ],
        "osmTags": [
          {
            "bridge": "yes",
            "bridge:structure": "truss",
            "layer": "2",
            "man_made": "bridge",
            "manufacturer": "현대건설",
            "name": "성수대교",
            "name:el": "Γέφυρα Σόνγκσου",
            "name:en": "Seongsu Bridge",
            "name:ja": "聖水大橋",
            "name:ko": "성수대교",
            "name:ko-Latn": "Seongsudaegyo",
            "name:zh": "圣水大桥",
            "start_date": "1997-07-03",
            "wikidata": "Q489281",
            "wikipedia": "ko:성수대교"
          }
        ],
        "geometrySource": "closed OSM way outline(s) from /full"
      },
      "geometry": {
        "type": "Polygon",
        "coordinates": [
          [
            [
              127.0343649,
              37.5321069
            ],
            [
              127.0340572,
              37.5321409
            ],
            [
              127.0341666,
              37.5332163
            ],
            [
              127.0342029,
              37.5336804
            ],
            [
              127.0343256,
              37.5337004
            ],
            [
              127.0344916,
              37.534828
            ],
            [
              127.0343905,
              37.5349624
            ],
            [
              127.0351888,
              37.539341
            ],
            [
              127.0351455,
              37.5396958
            ],
            [
              127.0352971,
              37.5397845
            ],
            [
              127.03551,
              37.5413297
            ],
            [
              127.0357554,
              37.5425773
            ],
            [
              127.0360838,
              37.5425458
            ],
            [
              127.0359376,
              37.5414856
            ],
            [
              127.0356977,
              37.5397738
            ],
            [
              127.0357385,
              37.5395472
            ],
            [
              127.035514,
              37.5383615
            ],
            [
              127.0350393,
              37.5355367
            ],
            [
              127.0349538,
              37.5351062
            ],
            [
              127.0349615,
              37.5348695
            ],
            [
              127.034839,
              37.5347825
            ],
            [
              127.0346986,
              37.5339245
            ],
            [
              127.0346428,
              37.5336669
            ],
            [
              127.0347558,
              37.5335896
            ],
            [
              127.0343649,
              37.5321069
            ]
          ]
        ]
      }
    },
    {
      "type": "Feature",
      "properties": {
        "nameKo": "청담대교",
        "sourceId": "osm:way/1042090896",
        "sourceUrl": "https://www.openstreetmap.org/way/1042090896",
        "wayIds": [
          "1042090896"
        ],
        "osmTags": [
          {
            "bridge": "yes",
            "bridge:structure": "beam",
            "layer": "1",
            "man_made": "bridge",
            "manufacturer": "동부건설",
            "name": "청담대교",
            "name:el": "Γέφυρα Τσόνγκνταμ",
            "name:en": "Cheongdam Bridge",
            "name:ja": "清潭大橋",
            "name:ko": "청담대교",
            "name:ko-Latn": "Cheongdamdaegyo",
            "start_date": "2001-02-27",
            "wikidata": "Q625569",
            "wikipedia": "ko:청담대교"
          }
        ],
        "geometrySource": "closed OSM way outline(s) from /full"
      },
      "geometry": {
        "type": "Polygon",
        "coordinates": [
          [
            [
              127.0629966,
              37.5238515
            ],
            [
              127.0626264,
              37.5231343
            ],
            [
              127.0627217,
              37.523106
            ],
            [
              127.0626235,
              37.5229046
            ],
            [
              127.0624865,
              37.5227085
            ],
            [
              127.0621856,
              37.5223435
            ],
            [
              127.0622112,
              37.5223296
            ],
            [
              127.0622562,
              37.5223051
            ],
            [
              127.0622758,
              37.5222944
            ],
            [
              127.062586,
              37.5226614
            ],
            [
              127.0627143,
              37.522862
            ],
            [
              127.0627756,
              37.5229387
            ],
            [
              127.0627872,
              37.5224508
            ],
            [
              127.0628752,
              37.5221114
            ],
            [
              127.062942,
              37.5219646
            ],
            [
              127.0631689,
              37.5214543
            ],
            [
              127.0638341,
              37.5207709
            ],
            [
              127.0640358,
              37.5206022
            ],
            [
              127.0640932,
              37.5206458
            ],
            [
              127.0641966,
              37.5207242
            ],
            [
              127.0642612,
              37.5207733
            ],
            [
              127.0637158,
              37.5212474
            ],
            [
              127.0634366,
              37.5215964
            ],
            [
              127.063118,
              37.5222727
            ],
            [
              127.0630603,
              37.5230669
            ],
            [
              127.0633677,
              37.5239536
            ],
            [
              127.0649126,
              37.5272856
            ],
            [
              127.0657474,
              37.5292137
            ],
            [
              127.0660714,
              37.5298178
            ],
            [
              127.0664256,
              37.5303484
            ],
            [
              127.0664083,
              37.5303583
            ],
            [
              127.0662781,
              37.5304122
            ],
            [
              127.0663998,
              37.5307007
            ],
            [
              127.0663661,
              37.5307176
            ],
            [
              127.0662748,
              37.5307287
            ],
            [
              127.0662611,
              37.5308112
            ],
            [
              127.0661922,
              37.5310337
            ],
            [
              127.0660543,
              37.5312806
            ],
            [
              127.0659439,
              37.5314401
            ],
            [
              127.065741,
              37.5316404
            ],
            [
              127.0654609,
              37.5318199
            ],
            [
              127.0650815,
              37.5319691
            ],
            [
              127.0646848,
              37.5320785
            ],
            [
              127.0646304,
              37.5319208
            ],
            [
              127.0651058,
              37.5317605
            ],
            [
              127.0653698,
              37.5316485
            ],
            [
              127.0655469,
              37.5315364
            ],
            [
              127.0657796,
              37.5313152
            ],
            [
              127.0659392,
              37.5310706
            ],
            [
              127.0660252,
              37.53084
            ],
            [
              127.0660585,
              37.5305922
            ],
            [
              127.0660552,
              37.5304339
            ],
            [
              127.0659836,
              37.5301994
            ],
            [
              127.0659445,
              37.5302075
            ],
            [
              127.0659019,
              37.530216
            ],
            [
              127.0658523,
              37.5302254
            ],
            [
              127.0658373,
              37.5301632
            ],
            [
              127.0656508,
              37.5297141
            ],
            [
              127.0656165,
              37.5295491
            ],
            [
              127.0645504,
              37.5272645
            ],
            [
              127.0629966,
              37.5238515
            ]
          ]
        ]
      }
    },
    {
      "type": "Feature",
      "properties": {
        "nameKo": "올림픽대교",
        "sourceId": "osm:way/1050460798",
        "sourceUrl": "https://www.openstreetmap.org/way/1050460798",
        "wayIds": [
          "1050460798"
        ],
        "osmTags": [
          {
            "bridge": "yes",
            "bridge:structure": "beam",
            "layer": "1",
            "man_made": "bridge",
            "manufacturer": "유원건설",
            "name": "올림픽대교",
            "name:el": "Γέφυρα Olympic",
            "name:en": "Olympic Bridge",
            "name:ja": "オリンピック大橋",
            "name:ko": "올림픽대교",
            "name:ko-Latn": "Ollimpikdaegyo",
            "start_date": "1989-11-15",
            "wikidata": "Q489955",
            "wikipedia": "ko:올림픽대교"
          }
        ],
        "geometrySource": "closed OSM way outline(s) from /full"
      },
      "geometry": {
        "type": "Polygon",
        "coordinates": [
          [
            [
              127.1001508,
              37.5374363
            ],
            [
              127.1006304,
              37.5369886
            ],
            [
              127.100516,
              37.5370649
            ],
            [
              127.1003431,
              37.5371427
            ],
            [
              127.100249,
              37.5371732
            ],
            [
              127.1001561,
              37.5371968
            ],
            [
              127.1000659,
              37.5372117
            ],
            [
              127.1000067,
              37.5372219
            ],
            [
              127.0999066,
              37.5372291
            ],
            [
              127.0998092,
              37.5372296
            ],
            [
              127.0996944,
              37.5372195
            ],
            [
              127.0995855,
              37.5371994
            ],
            [
              127.0994804,
              37.5371726
            ],
            [
              127.0993672,
              37.5371352
            ],
            [
              127.0992258,
              37.5370693
            ],
            [
              127.0991424,
              37.5370079
            ],
            [
              127.09919,
              37.5369683
            ],
            [
              127.0992808,
              37.5370219
            ],
            [
              127.0993728,
              37.5370704
            ],
            [
              127.099487,
              37.537109
            ],
            [
              127.0995637,
              37.5371327
            ],
            [
              127.099644,
              37.5371465
            ],
            [
              127.0997403,
              37.5371589
            ],
            [
              127.0998365,
              37.5371613
            ],
            [
              127.0999335,
              37.5371592
            ],
            [
              127.1000176,
              37.5371505
            ],
            [
              127.1000912,
              37.5371385
            ],
            [
              127.1001669,
              37.5371247
            ],
            [
              127.1002513,
              37.5371023
            ],
            [
              127.1003499,
              37.5370648
            ],
            [
              127.1004443,
              37.5370199
            ],
            [
              127.1005268,
              37.5369705
            ],
            [
              127.1005777,
              37.5369335
            ],
            [
              127.100576,
              37.5369136
            ],
            [
              127.1013044,
              37.5363461
            ],
            [
              127.106253,
              37.5315167
            ],
            [
              127.1069485,
              37.5309269
            ],
            [
              127.1072047,
              37.5305205
            ],
            [
              127.1073454,
              37.5305262
            ],
            [
              127.107728,
              37.5301771
            ],
            [
              127.1086879,
              37.529184
            ],
            [
              127.1088972,
              37.5293557
            ],
            [
              127.1078831,
              37.5303374
            ],
            [
              127.1075981,
              37.5306464
            ],
            [
              127.1064036,
              37.5317883
            ],
            [
              127.1064216,
              37.5318885
            ],
            [
              127.105632,
              37.5325625
            ],
            [
              127.1020392,
              37.5360681
            ],
            [
              127.1015319,
              37.5365631
            ],
            [
              127.101307,
              37.536786
            ],
            [
              127.1008406,
              37.5373555
            ],
            [
              127.1007656,
              37.5374555
            ],
            [
              127.1007245,
              37.5375418
            ],
            [
              127.1006811,
              37.5376417
            ],
            [
              127.1006555,
              37.5377214
            ],
            [
              127.1006487,
              37.5378117
            ],
            [
              127.100642,
              37.5379289
            ],
            [
              127.100653,
              37.5380327
            ],
            [
              127.1006916,
              37.538139
            ],
            [
              127.1007914,
              37.5383424
            ],
            [
              127.1007332,
              37.538377
            ],
            [
              127.1006772,
              37.5382664
            ],
            [
              127.1006244,
              37.5381537
            ],
            [
              127.100594,
              37.5380536
            ],
            [
              127.1005767,
              37.5379601
            ],
            [
              127.1005729,
              37.5378634
            ],
            [
              127.1005747,
              37.5377965
            ],
            [
              127.1005821,
              37.5377275
            ],
            [
              127.1005989,
              37.5376522
            ],
            [
              127.1006272,
              37.5375605
            ],
            [
              127.100677,
              37.5374524
            ],
            [
              127.1007807,
              37.5373082
            ],
            [
              127.1008938,
              37.5371672
            ],
            [
              127.1007735,
              37.5372809
            ],
            [
              127.1003527,
              37.537679
            ],
            [
              127.0998404,
              37.5382998
            ],
            [
              127.0997759,
              37.5382555
            ],
            [
              127.0995253,
              37.5380836
            ],
            [
              127.0995038,
              37.5380688
            ],
            [
              127.1001508,
              37.5374363
            ]
          ]
        ]
      }
    },
    {
      "type": "Feature",
      "properties": {
        "nameKo": "광진교",
        "sourceId": "osm:way/1081790248",
        "sourceUrl": "https://www.openstreetmap.org/way/1081790248",
        "wayIds": [
          "1081790248"
        ],
        "osmTags": [
          {
            "bridge": "yes",
            "bridge:structure": "beam",
            "layer": "2",
            "man_made": "bridge",
            "manufacturer": "삼환기업",
            "name": "광진교",
            "name:en": "Gwangjin Bridge",
            "name:ja": "広津橋",
            "name:ko": "광진교",
            "name:ko-Latn": "Gwangjingyo",
            "start_date": "2003-11-04",
            "wikidata": "Q624476",
            "wikipedia": "ko:광진교"
          }
        ],
        "geometrySource": "closed OSM way outline(s) from /full"
      },
      "geometry": {
        "type": "Polygon",
        "coordinates": [
          [
            [
              127.1090449,
              37.5459804
            ],
            [
              127.1116706,
              37.5451767
            ],
            [
              127.1117189,
              37.54514
            ],
            [
              127.1117633,
              37.545117
            ],
            [
              127.1118193,
              37.5451033
            ],
            [
              127.1118907,
              37.5450971
            ],
            [
              127.1119139,
              37.5450987
            ],
            [
              127.1124226,
              37.5449435
            ],
            [
              127.1124212,
              37.544918
            ],
            [
              127.112427,
              37.5449099
            ],
            [
              127.1125075,
              37.544882
            ],
            [
              127.1125265,
              37.5448832
            ],
            [
              127.1125514,
              37.5448971
            ],
            [
              127.1140347,
              37.5444356
            ],
            [
              127.114093,
              37.5443939
            ],
            [
              127.114143,
              37.5443728
            ],
            [
              127.1141945,
              37.5443623
            ],
            [
              127.1142355,
              37.5443611
            ],
            [
              127.1142794,
              37.5443623
            ],
            [
              127.1145896,
              37.5442649
            ],
            [
              127.1145881,
              37.5442486
            ],
            [
              127.114594,
              37.544237
            ],
            [
              127.1146072,
              37.5442312
            ],
            [
              127.1146862,
              37.5442034
            ],
            [
              127.1147023,
              37.5442057
            ],
            [
              127.1147154,
              37.5442092
            ],
            [
              127.1147271,
              37.5442219
            ],
            [
              127.1154221,
              37.544005
            ],
            [
              127.1169161,
              37.5435467
            ],
            [
              127.1169204,
              37.5435247
            ],
            [
              127.1169321,
              37.5435166
            ],
            [
              127.1170112,
              37.543491
            ],
            [
              127.1170346,
              37.5434945
            ],
            [
              127.1170551,
              37.5435108
            ],
            [
              127.1202975,
              37.5424701
            ],
            [
              127.1203086,
              37.5424931
            ],
            [
              127.1203794,
              37.5426395
            ],
            [
              127.1184407,
              37.5432579
            ],
            [
              127.1185168,
              37.5432648
            ],
            [
              127.1186236,
              37.5432869
            ],
            [
              127.118726,
              37.5433251
            ],
            [
              127.1188665,
              37.5434005
            ],
            [
              127.1194108,
              37.5437451
            ],
            [
              127.1195088,
              37.5438182
            ],
            [
              127.1196332,
              37.5439284
            ],
            [
              127.119778,
              37.5441082
            ],
            [
              127.1198497,
              37.5442382
            ],
            [
              127.119759,
              37.5442544
            ],
            [
              127.1196727,
              37.5441059
            ],
            [
              127.119582,
              37.5439864
            ],
            [
              127.1194693,
              37.5438785
            ],
            [
              127.1193669,
              37.5438031
            ],
            [
              127.1192762,
              37.543737
            ],
            [
              127.1190772,
              37.5436187
            ],
            [
              127.118846,
              37.5434725
            ],
            [
              127.1187172,
              37.5434005
            ],
            [
              127.1186558,
              37.5433692
            ],
            [
              127.1185768,
              37.5433449
            ],
            [
              127.1184758,
              37.5433298
            ],
            [
              127.1184361,
              37.5433298
            ],
            [
              127.1184085,
              37.5433298
            ],
            [
              127.1183828,
              37.5433314
            ],
            [
              127.1183529,
              37.5433333
            ],
            [
              127.1182885,
              37.5433495
            ],
            [
              127.1175379,
              37.5435897
            ],
            [
              127.117513,
              37.5435537
            ],
            [
              127.1171355,
              37.543672
            ],
            [
              127.1171238,
              37.5436906
            ],
            [
              127.1171136,
              37.5437033
            ],
            [
              127.1170302,
              37.5437277
            ],
            [
              127.1170141,
              37.5437277
            ],
            [
              127.1169965,
              37.5437138
            ],
            [
              127.1148076,
              37.5443994
            ],
            [
              127.1148091,
              37.5444192
            ],
            [
              127.1147988,
              37.5444308
            ],
            [
              127.1147125,
              37.5444551
            ],
            [
              127.1146949,
              37.5444551
            ],
            [
              127.1146818,
              37.5444505
            ],
            [
              127.1146774,
              37.5444366
            ],
            [
              127.1144169,
              37.5445154
            ],
            [
              127.114395,
              37.5445352
            ],
            [
              127.1143482,
              37.5445618
            ],
            [
              127.1143153,
              37.5445835
            ],
            [
              127.1142538,
              37.5446013
            ],
            [
              127.1141927,
              37.5446142
            ],
            [
              127.1141054,
              37.5446158
            ],
            [
              127.1126392,
              37.5450677
            ],
            [
              127.1126362,
              37.5450874
            ],
            [
              127.1126319,
              37.545099
            ],
            [
              127.1125455,
              37.5451245
            ],
            [
              127.1125236,
              37.5451257
            ],
            [
              127.1125133,
              37.5451175
            ],
            [
              127.1125031,
              37.5451094
            ],
            [
              127.1117847,
              37.5453345
            ],
            [
              127.1105512,
              37.5457985
            ],
            [
              127.1105205,
              37.5458148
            ],
            [
              127.1105058,
              37.5458078
            ],
            [
              127.1104151,
              37.5458844
            ],
            [
              127.1103464,
              37.5459714
            ],
            [
              127.1103083,
              37.5460735
            ],
            [
              127.1102908,
              37.5461674
            ],
            [
              127.1102966,
              37.5462417
            ],
            [
              127.1103112,
              37.5462997
            ],
            [
              127.1103478,
              37.5464006
            ],
            [
              127.1103815,
              37.5465004
            ],
            [
              127.1104634,
              37.5467405
            ],
            [
              127.1105893,
              37.547106
            ],
            [
              127.110639,
              37.5472603
            ],
            [
              127.1106624,
              37.547338
            ],
            [
              127.1105834,
              37.5473542
            ],
            [
              127.1105293,
              37.5471941
            ],
            [
              127.1103551,
              37.5466744
            ],
            [
              127.1102425,
              37.5463333
            ],
            [
              127.1102088,
              37.5462046
            ],
            [
              127.1102074,
              37.546121
            ],
            [
              127.1102381,
              37.546012
            ],
            [
              127.1102878,
              37.5459157
            ],
            [
              127.1103434,
              37.5458438
            ],
            [
              127.1104093,
              37.54578
            ],
            [
              127.1104693,
              37.5457463
            ],
            [
              127.1104429,
              37.5457486
            ],
            [
              127.1092343,
              37.5461141
            ],
            [
              127.109189,
              37.5461292
            ],
            [
              127.1091773,
              37.5461396
            ],
            [
              127.109268,
              37.54615
            ],
            [
              127.1093953,
              37.5461872
            ],
            [
              127.1094977,
              37.5462382
            ],
            [
              127.109565,
              37.5462881
            ],
            [
              127.1096309,
              37.5463716
            ],
            [
              127.1095694,
              37.5464029
            ],
            [
              127.1095255,
              37.5463577
            ],
            [
              127.1094685,
              37.546309
            ],
            [
              127.109407,
              37.5462753
            ],
            [
              127.1092753,
              37.5462185
            ],
            [
              127.1092153,
              37.5462081
            ],
            [
              127.1091392,
              37.5462011
            ],
            [
              127.1090602,
              37.5462022
            ],
            [
              127.1089856,
              37.5462011
            ],
            [
              127.1088905,
              37.5462139
            ],
            [
              127.1087851,
              37.5462394
            ],
            [
              127.1086988,
              37.5460793
            ],
            [
              127.1087763,
              37.5460571
            ],
            [
              127.1090449,
              37.5459804
            ]
          ]
        ]
      }
    },
    {
      "type": "Feature",
      "properties": {
        "nameKo": "반포대교",
        "sourceId": "osm:way/1085504592",
        "sourceUrl": "https://www.openstreetmap.org/way/1085504592",
        "wayIds": [
          "1085504592"
        ],
        "osmTags": [
          {
            "height": "3",
            "layer": "2",
            "man_made": "bridge",
            "material": "reinforced_concrete",
            "name": "반포대교",
            "name:el": "Γέφυρα Μπάνπο",
            "name:en": "Banpo Bridge",
            "name:ja": "盤浦大橋",
            "name:ko": "반포대교",
            "name:zh": "盘浦大桥",
            "wikidata": "Q255506",
            "wikipedia": "en:Banpo Bridge"
          }
        ],
        "geometrySource": "closed OSM way outline(s) from /full"
      },
      "geometry": {
        "type": "Polygon",
        "coordinates": [
          [
            [
              126.9983409,
              37.5104306
            ],
            [
              126.9984589,
              37.5101956
            ],
            [
              126.9984944,
              37.5101248
            ],
            [
              126.9985232,
              37.5099774
            ],
            [
              126.9985098,
              37.5098992
            ],
            [
              126.9984408,
              37.5098322
            ],
            [
              126.9983544,
              37.5097852
            ],
            [
              126.9983658,
              37.5097632
            ],
            [
              126.9984779,
              37.5095456
            ],
            [
              126.9987764,
              37.5095168
            ],
            [
              126.9989267,
              37.5092484
            ],
            [
              126.9992491,
              37.5093601
            ],
            [
              126.9991605,
              37.5095554
            ],
            [
              126.9991569,
              37.509721
            ],
            [
              126.9992724,
              37.5098521
            ],
            [
              126.9991274,
              37.5101221
            ],
            [
              126.9989249,
              37.510079
            ],
            [
              126.9988082,
              37.5101195
            ],
            [
              126.9987061,
              37.5103211
            ],
            [
              126.9986245,
              37.5104822
            ],
            [
              126.9946709,
              37.5186413
            ],
            [
              126.9945522,
              37.518929
            ],
            [
              126.994542,
              37.5190771
            ],
            [
              126.9945514,
              37.5191962
            ],
            [
              126.9945694,
              37.5192787
            ],
            [
              126.9946016,
              37.5193617
            ],
            [
              126.994633,
              37.5194259
            ],
            [
              126.994686,
              37.5195012
            ],
            [
              126.9947612,
              37.5195779
            ],
            [
              126.9948417,
              37.5196428
            ],
            [
              126.9949675,
              37.5197095
            ],
            [
              126.9953012,
              37.5198427
            ],
            [
              126.9952902,
              37.5198606
            ],
            [
              126.9952695,
              37.5198954
            ],
            [
              126.9951018,
              37.5198182
            ],
            [
              126.99483,
              37.5196932
            ],
            [
              126.9947486,
              37.5196408
            ],
            [
              126.9946905,
              37.5195881
            ],
            [
              126.9946247,
              37.5195194
            ],
            [
              126.9945699,
              37.5194494
            ],
            [
              126.9945255,
              37.5193615
            ],
            [
              126.9944972,
              37.5192677
            ],
            [
              126.9944463,
              37.5190513
            ],
            [
              126.9944235,
              37.5190418
            ],
            [
              126.9942666,
              37.5194268
            ],
            [
              126.9941445,
              37.5198959
            ],
            [
              126.9940283,
              37.5206004
            ],
            [
              126.993636,
              37.5227765
            ],
            [
              126.9935982,
              37.5227706
            ],
            [
              126.9935161,
              37.5227578
            ],
            [
              126.9934696,
              37.5227505
            ],
            [
              126.9936176,
              37.5219569
            ],
            [
              126.9938656,
              37.5205899
            ],
            [
              126.993958,
              37.5199111
            ],
            [
              126.9940282,
              37.5196286
            ],
            [
              126.9941134,
              37.519352
            ],
            [
              126.9942561,
              37.5190093
            ],
            [
              126.9941358,
              37.519083
            ],
            [
              126.9939887,
              37.5191404
            ],
            [
              126.993759,
              37.5191744
            ],
            [
              126.9935999,
              37.5191564
            ],
            [
              126.9934311,
              37.5190847
            ],
            [
              126.9927841,
              37.5188258
            ],
            [
              126.9927967,
              37.5188074
            ],
            [
              126.9928122,
              37.5187848
            ],
            [
              126.993457,
              37.5190416
            ],
            [
              126.9935812,
              37.5191076
            ],
            [
              126.9937824,
              37.5191273
            ],
            [
              126.9939742,
              37.519098
            ],
            [
              126.994115,
              37.5190353
            ],
            [
              126.9943,
              37.5188394
            ],
            [
              126.9944123,
              37.5186298
            ],
            [
              126.9983409,
              37.5104306
            ]
          ]
        ]
      }
    },
    {
      "type": "Feature",
      "properties": {
        "nameKo": "잠수교",
        "sourceId": "osm:way/1091571021",
        "sourceUrl": "https://www.openstreetmap.org/way/1091571021",
        "wayIds": [
          "1091571021"
        ],
        "osmTags": [
          {
            "alt_name": "반포대교",
            "bridge": "low_water_crossing",
            "layer": "1",
            "man_made": "bridge",
            "name": "잠수교",
            "name:en": "Jamsugyo",
            "name:ko": "잠수교",
            "name:pl": "Jamsugyo (Most Jamsu)"
          }
        ],
        "geometrySource": "closed OSM way outline(s) from /full"
      },
      "geometry": {
        "type": "Polygon",
        "coordinates": [
          [
            [
              126.9982049,
              37.5109089
            ],
            [
              126.9983048,
              37.5109384
            ],
            [
              126.9977832,
              37.5119691
            ],
            [
              126.9972294,
              37.5130931
            ],
            [
              126.9958006,
              37.5160444
            ],
            [
              126.9948597,
              37.5179862
            ],
            [
              126.9945376,
              37.5186317
            ],
            [
              126.9943842,
              37.5189658
            ],
            [
              126.9943427,
              37.5189401
            ],
            [
              126.9945478,
              37.5185111
            ],
            [
              126.9962452,
              37.5149824
            ],
            [
              126.9972995,
              37.5128137
            ],
            [
              126.9975143,
              37.5123763
            ],
            [
              126.9982049,
              37.5109089
            ]
          ]
        ]
      }
    },
    {
      "type": "Feature",
      "properties": {
        "nameKo": "잠실대교",
        "sourceId": "osm:way/724657098",
        "sourceUrl": "https://www.openstreetmap.org/way/724657098",
        "wayIds": [
          "724657098"
        ],
        "osmTags": [
          {
            "bridge": "yes",
            "bridge:structure": "beam",
            "layer": "1",
            "man_made": "bridge",
            "manufacturer": "현대건설",
            "manufacturer:wikidata": "Q489809",
            "name": "잠실대교",
            "name:el": "Γέφυρα Τζάμσιλ",
            "name:en": "Jamsil Bridge",
            "name:ja": "蚕室大橋",
            "name:ko": "잠실대교",
            "name:ko-Latn": "Jamsildaegyo",
            "name:zh": "蚕室桥",
            "start_date": "1972-07-01",
            "wikidata": "Q624585",
            "wikipedia": "ko:잠실대교"
          }
        ],
        "geometrySource": "closed OSM way outline(s) from /full"
      },
      "geometry": {
        "type": "Polygon",
        "coordinates": [
          [
            [
              127.0956113,
              37.5187126
            ],
            [
              127.0959936,
              37.5188753
            ],
            [
              127.0954947,
              37.5195433
            ],
            [
              127.0953257,
              37.5198241
            ],
            [
              127.0951688,
              37.5200624
            ],
            [
              127.0948362,
              37.5205379
            ],
            [
              127.0948643,
              37.5206091
            ],
            [
              127.0943306,
              37.5212197
            ],
            [
              127.0940302,
              37.5215994
            ],
            [
              127.0936131,
              37.5220983
            ],
            [
              127.0932349,
              37.5225875
            ],
            [
              127.092842,
              37.5231034
            ],
            [
              127.0924584,
              37.5236086
            ],
            [
              127.0919461,
              37.5242894
            ],
            [
              127.0914472,
              37.524936
            ],
            [
              127.0910529,
              37.5254561
            ],
            [
              127.0906466,
              37.5259731
            ],
            [
              127.0903368,
              37.5263836
            ],
            [
              127.0898433,
              37.5270228
            ],
            [
              127.0896421,
              37.5273153
            ],
            [
              127.0895174,
              37.5274908
            ],
            [
              127.0892371,
              37.527829
            ],
            [
              127.0890823,
              37.5280678
            ],
            [
              127.0890277,
              37.5282384
            ],
            [
              127.0888948,
              37.528235
            ],
            [
              127.0884094,
              37.5288421
            ],
            [
              127.0880669,
              37.5286792
            ],
            [
              127.088478,
              37.5280811
            ],
            [
              127.0883895,
              37.5280077
            ],
            [
              127.088482,
              37.5279332
            ],
            [
              127.0887047,
              37.5277641
            ],
            [
              127.0888924,
              37.5275504
            ],
            [
              127.0891606,
              37.5272462
            ],
            [
              127.0894476,
              37.5269026
            ],
            [
              127.0899492,
              37.5262538
            ],
            [
              127.0905218,
              37.5255338
            ],
            [
              127.090943,
              37.5249818
            ],
            [
              127.0913895,
              37.5244106
            ],
            [
              127.0916967,
              37.5240075
            ],
            [
              127.0923297,
              37.5232013
            ],
            [
              127.0928111,
              37.522561
            ],
            [
              127.0932832,
              37.5219472
            ],
            [
              127.094227,
              37.5206086
            ],
            [
              127.0943484,
              37.5203965
            ],
            [
              127.0943874,
              37.520321
            ],
            [
              127.0944515,
              37.5202446
            ],
            [
              127.0945773,
              37.5201773
            ],
            [
              127.0948147,
              37.5198135
            ],
            [
              127.0950186,
              37.5195476
            ],
            [
              127.0951701,
              37.519355
            ],
            [
              127.0953592,
              37.5190923
            ],
            [
              127.0956113,
              37.5187126
            ]
          ]
        ]
      }
    },
    {
      "type": "Feature",
      "properties": {
        "nameKo": "영동대교",
        "sourceId": "osm:way/842101798",
        "sourceUrl": "https://www.openstreetmap.org/way/842101798",
        "wayIds": [
          "842101798"
        ],
        "osmTags": [
          {
            "bridge": "yes",
            "bridge:structure": "beam",
            "layer": "1",
            "man_made": "bridge",
            "manufacturer": "대림산업",
            "maxweight": "32",
            "name": "영동대교",
            "name:el": "Γέφυρα Γιόνγκντονγκ",
            "name:en": "Yeongdong Bridge",
            "name:ja": "永東大橋",
            "name:ko": "영동대교",
            "start_date": "1973-11-08",
            "wikidata": "Q626547"
          }
        ],
        "geometrySource": "closed OSM way outline(s) from /full"
      },
      "geometry": {
        "type": "Polygon",
        "coordinates": [
          [
            [
              127.0591337,
              37.533981
            ],
            [
              127.0595216,
              37.5338436
            ],
            [
              127.0563434,
              37.5282009
            ],
            [
              127.0563811,
              37.5281876
            ],
            [
              127.0558845,
              37.5273017
            ],
            [
              127.0557382,
              37.5271911
            ],
            [
              127.0551063,
              37.5261012
            ],
            [
              127.0550603,
              37.526118
            ],
            [
              127.054997,
              37.526141
            ],
            [
              127.0548894,
              37.5261803
            ],
            [
              127.0548267,
              37.5262031
            ],
            [
              127.0547945,
              37.5262149
            ],
            [
              127.0554635,
              37.5273688
            ],
            [
              127.0554358,
              37.5275193
            ],
            [
              127.0559169,
              37.528369
            ],
            [
              127.0559615,
              37.5283532
            ],
            [
              127.0591337,
              37.533981
            ]
          ]
        ]
      }
    },
    {
      "type": "Feature",
      "properties": {
        "nameKo": "동작대교",
        "sourceId": "osm:way/870733632",
        "sourceUrl": "https://www.openstreetmap.org/way/870733632",
        "wayIds": [
          "870733632"
        ],
        "osmTags": [
          {
            "bridge": "yes",
            "bridge:structure": "arch",
            "layer": "1",
            "man_made": "bridge",
            "name": "동작대교",
            "name:el": "Γέφυρα Ντόνγκτζακ",
            "name:en": "Dongjak Bridge",
            "name:ja": "銅雀大橋",
            "name:ko": "동작대교",
            "name:ko-Latn": "Dongjakdaegyo",
            "name:zh": "铜雀大桥",
            "wikidata": "Q624089",
            "wikipedia": "ko:동작대교"
          }
        ],
        "geometrySource": "closed OSM way outline(s) from /full"
      },
      "geometry": {
        "type": "Polygon",
        "coordinates": [
          [
            [
              126.9799674,
              37.5044651
            ],
            [
              126.9795282,
              37.5028129
            ],
            [
              126.979583,
              37.5028017
            ],
            [
              126.9796502,
              37.502788
            ],
            [
              126.9801234,
              37.5044455
            ],
            [
              126.9802891,
              37.5044248
            ],
            [
              126.9802819,
              37.504202
            ],
            [
              126.9803084,
              37.5037724
            ],
            [
              126.9803411,
              37.5034956
            ],
            [
              126.9804166,
              37.503222
            ],
            [
              126.9805164,
              37.5029695
            ],
            [
              126.9806643,
              37.5027166
            ],
            [
              126.9808403,
              37.5024845
            ],
            [
              126.9810564,
              37.5022689
            ],
            [
              126.9813029,
              37.5020762
            ],
            [
              126.9815769,
              37.5018973
            ],
            [
              126.9816551,
              37.5019937
            ],
            [
              126.9813988,
              37.502158
            ],
            [
              126.9811678,
              37.5023415
            ],
            [
              126.9809554,
              37.5025474
            ],
            [
              126.9807877,
              37.502774
            ],
            [
              126.980645,
              37.5030122
            ],
            [
              126.9805512,
              37.5032574
            ],
            [
              126.9804923,
              37.5035166
            ],
            [
              126.9804692,
              37.5037796
            ],
            [
              126.9804393,
              37.5041989
            ],
            [
              126.9804548,
              37.504404
            ],
            [
              126.9831308,
              37.5146597
            ],
            [
              126.983432,
              37.515514
            ],
            [
              126.9834881,
              37.5167327
            ],
            [
              126.9835054,
              37.5184679
            ],
            [
              126.9831148,
              37.5184066
            ],
            [
              126.9830439,
              37.5164483
            ],
            [
              126.9829779,
              37.5158669
            ],
            [
              126.9825912,
              37.5143926
            ],
            [
              126.9808056,
              37.5073974
            ],
            [
              126.9805356,
              37.5066384
            ],
            [
              126.9801212,
              37.5060383
            ],
            [
              126.9798158,
              37.504934
            ],
            [
              126.9800231,
              37.5048952
            ],
            [
              126.9799674,
              37.5044651
            ]
          ]
        ]
      }
    },
    {
      "type": "Feature",
      "properties": {
        "nameKo": "한남대교",
        "sourceId": "osm:way/870733633",
        "sourceUrl": "https://www.openstreetmap.org/way/870733633",
        "wayIds": [
          "870733633"
        ],
        "osmTags": [
          {
            "bridge": "yes",
            "bridge:structure": "beam",
            "layer": "1",
            "man_made": "bridge",
            "name": "한남대교",
            "name:el": "Γέφυρα Χάναμ",
            "name:en": "Hannam Bridge",
            "name:ja": "漢南大橋",
            "name:ko": "한남대교",
            "name:ko-Latn": "Hannamdaego",
            "name:zh": "汉南大桥",
            "wikidata": "Q489803",
            "wikipedia": "ko:한남대교"
          }
        ],
        "geometrySource": "closed OSM way outline(s) from /full"
      },
      "geometry": {
        "type": "Polygon",
        "coordinates": [
          [
            [
              127.0099223,
              37.530193
            ],
            [
              127.0098302,
              37.5301486
            ],
            [
              127.0104825,
              37.5293931
            ],
            [
              127.0109415,
              37.5288769
            ],
            [
              127.0109014,
              37.5288577
            ],
            [
              127.0129762,
              37.5266853
            ],
            [
              127.0145131,
              37.5250222
            ],
            [
              127.0145762,
              37.5250114
            ],
            [
              127.0148625,
              37.5245707
            ],
            [
              127.0150778,
              37.5245115
            ],
            [
              127.0164058,
              37.5230526
            ],
            [
              127.0168057,
              37.523286
            ],
            [
              127.0167124,
              37.5235207
            ],
            [
              127.0155747,
              37.5247477
            ],
            [
              127.0156476,
              37.5248417
            ],
            [
              127.0152245,
              37.5252333
            ],
            [
              127.0151299,
              37.5252727
            ],
            [
              127.0137814,
              37.5267319
            ],
            [
              127.0123961,
              37.5281839
            ],
            [
              127.0121092,
              37.5285082
            ],
            [
              127.012136,
              37.5285453
            ],
            [
              127.0115401,
              37.5292583
            ],
            [
              127.011429,
              37.5292152
            ],
            [
              127.0103067,
              37.5303739
            ],
            [
              127.0099223,
              37.530193
            ]
          ]
        ]
      }
    },
    {
      "type": "Feature",
      "properties": {
        "nameKo": "양화대교",
        "sourceId": "osm:way/872068120",
        "sourceUrl": "https://www.openstreetmap.org/way/872068120",
        "wayIds": [
          "872068120"
        ],
        "osmTags": [
          {
            "bridge": "yes",
            "layer": "1",
            "man_made": "bridge",
            "name": "양화대교",
            "name:el": "Γέφυρα Γιάγχουα",
            "name:en": "Yanghwa bridge",
            "name:ja": "楊花大橋",
            "name:ko": "양화대교",
            "name:ko-Hani": "楊花大橋",
            "name:ko-Latn": "Yanghwadaegyo",
            "name:zh": "杨花大桥",
            "wikidata": "Q623653",
            "wikipedia": "ko:양화대교"
          }
        ],
        "geometrySource": "closed OSM way outline(s) from /full"
      },
      "geometry": {
        "type": "Polygon",
        "coordinates": [
          [
            [
              126.9093367,
              37.5474964
            ],
            [
              126.9092397,
              37.5474448
            ],
            [
              126.9093826,
              37.5472607
            ],
            [
              126.908765,
              37.546939
            ],
            [
              126.9085073,
              37.5467245
            ],
            [
              126.9084946,
              37.5465525
            ],
            [
              126.9081577,
              37.5464554
            ],
            [
              126.906767,
              37.5453083
            ],
            [
              126.9049553,
              37.5437726
            ],
            [
              126.9033757,
              37.542504
            ],
            [
              126.9031052,
              37.5422916
            ],
            [
              126.9025081,
              37.5415652
            ],
            [
              126.9014163,
              37.5401429
            ],
            [
              126.9010415,
              37.539731
            ],
            [
              126.9007481,
              37.539383
            ],
            [
              126.9003806,
              37.5388347
            ],
            [
              126.9003793,
              37.5386923
            ],
            [
              126.9003772,
              37.5385392
            ],
            [
              126.9002678,
              37.5385715
            ],
            [
              126.9001776,
              37.5386039
            ],
            [
              126.8996562,
              37.5379913
            ],
            [
              126.8991217,
              37.5372537
            ],
            [
              126.8988257,
              37.5374095
            ],
            [
              126.8995019,
              37.5382552
            ],
            [
              126.8998566,
              37.5386923
            ],
            [
              126.8997188,
              37.5389209
            ],
            [
              126.900053,
              37.5390666
            ],
            [
              126.9005175,
              37.5395846
            ],
            [
              126.9006297,
              37.539702
            ],
            [
              126.9005785,
              37.5397327
            ],
            [
              126.9005578,
              37.5397484
            ],
            [
              126.9006651,
              37.5399084
            ],
            [
              126.9008374,
              37.5401681
            ],
            [
              126.901072,
              37.5404242
            ],
            [
              126.901596,
              37.5411342
            ],
            [
              126.902297,
              37.5420317
            ],
            [
              126.902649,
              37.5424263
            ],
            [
              126.9034441,
              37.5431289
            ],
            [
              126.9050554,
              37.5444859
            ],
            [
              126.9066486,
              37.5457563
            ],
            [
              126.9072366,
              37.5462251
            ],
            [
              126.9075735,
              37.5464554
            ],
            [
              126.9078676,
              37.54669
            ],
            [
              126.9080029,
              37.5468989
            ],
            [
              126.9081328,
              37.5469032
            ],
            [
              126.9084883,
              37.5472065
            ],
            [
              126.9089069,
              37.5475141
            ],
            [
              126.9090014,
              37.5475577
            ],
            [
              126.9091487,
              37.5476257
            ],
            [
              126.9093367,
              37.5474964
            ]
          ]
        ]
      }
    },
    {
      "type": "Feature",
      "properties": {
        "nameKo": "마포대교",
        "sourceId": "osm:way/872068121",
        "sourceUrl": "https://www.openstreetmap.org/way/872068121",
        "wayIds": [
          "872068121"
        ],
        "osmTags": [
          {
            "bridge": "yes",
            "layer": "1",
            "man_made": "bridge",
            "name": "마포대교",
            "name:el": "Γέφυρα Μάπο",
            "name:en": "Mapo bridge",
            "name:ja": "麻浦大橋",
            "name:ko": "마포대교",
            "name:ko-Hani": "麻浦大橋",
            "name:ko-Latn": "Mapodaegyo",
            "name:zh": "麻浦大桥",
            "wikidata": "Q624409",
            "wikipedia": "ko:마포대교"
          }
        ],
        "geometrySource": "closed OSM way outline(s) from /full"
      },
      "geometry": {
        "type": "Polygon",
        "coordinates": [
          [
            [
              126.9428032,
              37.5372136
            ],
            [
              126.9422453,
              37.5368788
            ],
            [
              126.9416291,
              37.536505
            ],
            [
              126.9416582,
              37.5364259
            ],
            [
              126.9413585,
              37.5363143
            ],
            [
              126.9412667,
              37.5362697
            ],
            [
              126.9406676,
              37.5358949
            ],
            [
              126.939215,
              37.5350132
            ],
            [
              126.9362295,
              37.5331495
            ],
            [
              126.9325243,
              37.5308548
            ],
            [
              126.9310519,
              37.5299097
            ],
            [
              126.9305212,
              37.5295375
            ],
            [
              126.9304295,
              37.5294193
            ],
            [
              126.9303552,
              37.5293086
            ],
            [
              126.9302247,
              37.5293531
            ],
            [
              126.9301038,
              37.5294208
            ],
            [
              126.9298255,
              37.5296832
            ],
            [
              126.9297183,
              37.5298296
            ],
            [
              126.9300122,
              37.5299742
            ],
            [
              126.9300663,
              37.5300028
            ],
            [
              126.9301579,
              37.5300513
            ],
            [
              126.9304634,
              37.5302128
            ],
            [
              126.9309026,
              37.530445
            ],
            [
              126.9319743,
              37.5311432
            ],
            [
              126.933804,
              37.5322582
            ],
            [
              126.936518,
              37.533958
            ],
            [
              126.9402087,
              37.5362687
            ],
            [
              126.9408656,
              37.5366918
            ],
            [
              126.9410193,
              37.5367908
            ],
            [
              126.9413332,
              37.5370781
            ],
            [
              126.9414888,
              37.5370397
            ],
            [
              126.9424304,
              37.5376002
            ],
            [
              126.9428032,
              37.5372136
            ]
          ]
        ]
      }
    },
    {
      "type": "Feature",
      "properties": {
        "nameKo": "천호대교",
        "sourceId": "osm:way/872068122",
        "sourceUrl": "https://www.openstreetmap.org/way/872068122",
        "wayIds": [
          "872068122"
        ],
        "osmTags": [
          {
            "bridge": "yes",
            "bridge:structure": "beam",
            "layer": "1",
            "man_made": "bridge",
            "manufacturer": "동아건설",
            "material": "steel",
            "name": "천호대교",
            "name:el": "Γέφυρα Τσόνχο",
            "name:en": "Cheonho bridge",
            "name:ko": "천호대교",
            "name:ko-Latn": "Cheonhodaegyo",
            "start_date": "1976-07-05",
            "wikidata": "Q484467",
            "wikipedia": "ko:천호대교"
          }
        ],
        "geometrySource": "closed OSM way outline(s) from /full"
      },
      "geometry": {
        "type": "Polygon",
        "coordinates": [
          [
            [
              127.1069428,
              37.5442834
            ],
            [
              127.1083309,
              37.5438849
            ],
            [
              127.108336,
              37.54381
            ],
            [
              127.1151824,
              37.5419425
            ],
            [
              127.1161597,
              37.541639
            ],
            [
              127.1164557,
              37.5415055
            ],
            [
              127.116688,
              37.5414893
            ],
            [
              127.1173667,
              37.5413011
            ],
            [
              127.1188493,
              37.5408398
            ],
            [
              127.11913,
              37.5407447
            ],
            [
              127.1192652,
              37.5409491
            ],
            [
              127.1171218,
              37.5416107
            ],
            [
              127.1167517,
              37.5416916
            ],
            [
              127.1167798,
              37.5418029
            ],
            [
              127.1161546,
              37.5419061
            ],
            [
              127.1153968,
              37.5421428
            ],
            [
              127.1129728,
              37.5428091
            ],
            [
              127.108853,
              37.5439675
            ],
            [
              127.1086375,
              37.5440301
            ],
            [
              127.1086466,
              37.5441408
            ],
            [
              127.10824,
              37.544225
            ],
            [
              127.1070656,
              37.5445113
            ],
            [
              127.1070151,
              37.5444175
            ],
            [
              127.1069428,
              37.5442834
            ]
          ]
        ]
      }
    },
    {
      "type": "Feature",
      "properties": {
        "nameKo": "서강대교",
        "sourceId": "osm:way/875036744",
        "sourceUrl": "https://www.openstreetmap.org/way/875036744",
        "wayIds": [
          "875036744"
        ],
        "osmTags": [
          {
            "layer": "2",
            "man_made": "bridge",
            "name": "서강대교",
            "name:el": "Γέφυρα Σόγκανγκ",
            "name:en": "Seogang Bridge",
            "name:ja": "西江大橋",
            "name:ko": "서강대교",
            "name:ko-Hani": "西江大橋",
            "name:ko-Latn": "Seogangdaegyo",
            "name:zh": "西江大桥",
            "start_date": "1999-08-14",
            "wikidata": "Q484178",
            "wikipedia": "en:Seogang Bridge"
          }
        ],
        "geometrySource": "closed OSM way outline(s) from /full"
      },
      "geometry": {
        "type": "Polygon",
        "coordinates": [
          [
            [
              126.9221904,
              37.5324338
            ],
            [
              126.925924,
              37.5381207
            ],
            [
              126.928511,
              37.5419815
            ],
            [
              126.9291189,
              37.5428694
            ],
            [
              126.929041,
              37.5429248
            ],
            [
              126.9295996,
              37.543646
            ],
            [
              126.9298953,
              37.5441226
            ],
            [
              126.9303964,
              37.5449337
            ],
            [
              126.9306075,
              37.5451984
            ],
            [
              126.9305479,
              37.5452253
            ],
            [
              126.9306704,
              37.5453915
            ],
            [
              126.9308177,
              37.5456428
            ],
            [
              126.9309436,
              37.5458681
            ],
            [
              126.9310602,
              37.5461228
            ],
            [
              126.9312524,
              37.5466136
            ],
            [
              126.9311981,
              37.5466273
            ],
            [
              126.9310832,
              37.5466564
            ],
            [
              126.9310276,
              37.5466704
            ],
            [
              126.9308187,
              37.5461825
            ],
            [
              126.9307121,
              37.5459552
            ],
            [
              126.9305928,
              37.5457275
            ],
            [
              126.9304305,
              37.5454761
            ],
            [
              126.9303135,
              37.5453094
            ],
            [
              126.9302516,
              37.5453407
            ],
            [
              126.9294359,
              37.5440747
            ],
            [
              126.9292561,
              37.5438095
            ],
            [
              126.9287924,
              37.5430956
            ],
            [
              126.9286941,
              37.5431228
            ],
            [
              126.9281458,
              37.54214
            ],
            [
              126.9256244,
              37.5382293
            ],
            [
              126.9218633,
              37.5325551
            ],
            [
              126.9218799,
              37.5325489
            ],
            [
              126.9219587,
              37.5325197
            ],
            [
              126.9220952,
              37.5324691
            ],
            [
              126.9221672,
              37.5324424
            ],
            [
              126.9221904,
              37.5324338
            ]
          ]
        ]
      }
    },
    {
      "type": "Feature",
      "properties": {
        "nameKo": "원효대교",
        "sourceId": "osm:way/875036745",
        "sourceUrl": "https://www.openstreetmap.org/way/875036745",
        "wayIds": [
          "875036745"
        ],
        "osmTags": [
          {
            "bridge": "yes",
            "bridge:structure": "beam",
            "layer": "2",
            "man_made": "bridge",
            "maxweight": "32",
            "name": "원효대교",
            "name:el": "Γέφυρα Ουόνχιο",
            "name:en": "Wonhyo Bridge",
            "name:ja": "元暁大橋",
            "name:ko": "원효대교",
            "name:ko-Hani": "元曉大橋",
            "name:ko-Latn": "Wonhyodaegyo",
            "name:zh": "元晓大桥",
            "wikidata": "Q484660",
            "wikipedia": "en:Wonhyo Bridge"
          }
        ],
        "geometrySource": "closed OSM way outline(s) from /full"
      },
      "geometry": {
        "type": "Polygon",
        "coordinates": [
          [
            [
              126.9358098,
              37.5215847
            ],
            [
              126.9356972,
              37.5216963
            ],
            [
              126.9376418,
              37.5229089
            ],
            [
              126.9383236,
              37.5232775
            ],
            [
              126.9384512,
              37.5233584
            ],
            [
              126.9383823,
              37.5234799
            ],
            [
              126.9393595,
              37.5239934
            ],
            [
              126.9400535,
              37.524235
            ],
            [
              126.9506251,
              37.529746
            ],
            [
              126.9509729,
              37.5299686
            ],
            [
              126.9511775,
              37.5300931
            ],
            [
              126.9512582,
              37.5301628
            ],
            [
              126.9513216,
              37.5302409
            ],
            [
              126.9513702,
              37.5301962
            ],
            [
              126.9514179,
              37.5301524
            ],
            [
              126.9514762,
              37.530167
            ],
            [
              126.9521774,
              37.5305554
            ],
            [
              126.9534063,
              37.5312155
            ],
            [
              126.9534243,
              37.5311943
            ],
            [
              126.953449,
              37.5311641
            ],
            [
              126.9539409,
              37.5314073
            ],
            [
              126.9541772,
              37.5315634
            ],
            [
              126.9546269,
              37.531927
            ],
            [
              126.955022,
              37.53219
            ],
            [
              126.9553289,
              37.5323628
            ],
            [
              126.9556124,
              37.532493
            ],
            [
              126.9559986,
              37.5327048
            ],
            [
              126.9560184,
              37.5326822
            ],
            [
              126.9560534,
              37.5326421
            ],
            [
              126.9560708,
              37.5326223
            ],
            [
              126.9555619,
              37.532358
            ],
            [
              126.9549889,
              37.5320316
            ],
            [
              126.9542188,
              37.5314612
            ],
            [
              126.9538896,
              37.5312505
            ],
            [
              126.9539036,
              37.5312333
            ],
            [
              126.9539203,
              37.5312127
            ],
            [
              126.9523566,
              37.5303725
            ],
            [
              126.9514868,
              37.5299951
            ],
            [
              126.9513596,
              37.5299272
            ],
            [
              126.9515447,
              37.5299882
            ],
            [
              126.9515247,
              37.5299021
            ],
            [
              126.9513369,
              37.5298326
            ],
            [
              126.9511098,
              37.5297404
            ],
            [
              126.9507573,
              37.5295832
            ],
            [
              126.9442346,
              37.5261612
            ],
            [
              126.9401953,
              37.5240718
            ],
            [
              126.9397899,
              37.5237662
            ],
            [
              126.9385146,
              37.5230629
            ],
            [
              126.9384334,
              37.5229585
            ],
            [
              126.9382714,
              37.5229868
            ],
            [
              126.9383607,
              37.523091
            ],
            [
              126.9384911,
              37.5232032
            ],
            [
              126.938382,
              37.5231607
            ],
            [
              126.9381565,
              37.5230361
            ],
            [
              126.9376879,
              37.522769
            ],
            [
              126.9362014,
              37.5218508
            ],
            [
              126.9358098,
              37.5215847
            ]
          ]
        ]
      }
    },
    {
      "type": "Feature",
      "properties": {
        "nameKo": "가양대교",
        "sourceId": "osm:way/972539089",
        "sourceUrl": "https://www.openstreetmap.org/way/972539089",
        "wayIds": [
          "972539089"
        ],
        "osmTags": [
          {
            "layer": "1",
            "man_made": "bridge",
            "name": "가양대교",
            "name:el": "Γέφυρα Γκάγιανγκ",
            "name:en": "Gayang Bridge",
            "name:ja": "加陽大橋",
            "name:ko": "가양대교",
            "wikidata": "Q623865"
          }
        ],
        "geometrySource": "closed OSM way outline(s) from /full"
      },
      "geometry": {
        "type": "Polygon",
        "coordinates": [
          [
            [
              126.8558906,
              37.5621914
            ],
            [
              126.8566495,
              37.5633433
            ],
            [
              126.8574901,
              37.5644209
            ],
            [
              126.8591531,
              37.5666218
            ],
            [
              126.8593867,
              37.5669417
            ],
            [
              126.8595506,
              37.5669802
            ],
            [
              126.8601029,
              37.5677547
            ],
            [
              126.8620968,
              37.5705086
            ],
            [
              126.8638961,
              37.5729086
            ],
            [
              126.864503,
              37.5736927
            ],
            [
              126.8647733,
              37.5738763
            ],
            [
              126.8650222,
              37.5739273
            ],
            [
              126.8646789,
              37.5740668
            ],
            [
              126.8657432,
              37.5755192
            ],
            [
              126.8661479,
              37.5759469
            ],
            [
              126.8662147,
              37.5758699
            ],
            [
              126.8664802,
              37.5761312
            ],
            [
              126.866227,
              37.5762707
            ],
            [
              126.8655833,
              37.5756176
            ],
            [
              126.864725,
              37.5744986
            ],
            [
              126.8637165,
              37.5733421
            ],
            [
              126.8625638,
              37.5717816
            ],
            [
              126.8613461,
              37.5700979
            ],
            [
              126.8592537,
              37.5673301
            ],
            [
              126.8590997,
              37.5671781
            ],
            [
              126.8591846,
              37.5670222
            ],
            [
              126.8586696,
              37.5663214
            ],
            [
              126.8568733,
              37.5638348
            ],
            [
              126.8557362,
              37.5622606
            ],
            [
              126.8557555,
              37.5622519
            ],
            [
              126.8558906,
              37.5621914
            ]
          ]
        ]
      }
    },
    {
      "type": "Feature",
      "properties": {
        "nameKo": "성산대교",
        "sourceId": "osm:way/972539091",
        "sourceUrl": "https://www.openstreetmap.org/way/972539091",
        "wayIds": [
          "972539091"
        ],
        "osmTags": [
          {
            "bridge:structure": "beam",
            "layer": "1",
            "man_made": "bridge",
            "name": "성산대교",
            "name:el": "Γέφυρα Σόνγκσαν",
            "name:en": "Seongsan Bridge",
            "name:ja": "城山大橋",
            "name:ko": "성산대교",
            "name:vi": "Cầu Seongsan",
            "wikidata": "Q625866"
          }
        ],
        "geometrySource": "closed OSM way outline(s) from /full"
      },
      "geometry": {
        "type": "Polygon",
        "coordinates": [
          [
            [
              126.8875704,
              37.5463646
            ],
            [
              126.887806,
              37.5462855
            ],
            [
              126.8882554,
              37.5471124
            ],
            [
              126.88844,
              37.5474288
            ],
            [
              126.8886846,
              37.5473233
            ],
            [
              126.888807,
              37.5478245
            ],
            [
              126.8892556,
              37.5485502
            ],
            [
              126.8898507,
              37.5496098
            ],
            [
              126.8920591,
              37.5532648
            ],
            [
              126.8937994,
              37.5561643
            ],
            [
              126.894325,
              37.5568046
            ],
            [
              126.8942376,
              37.5569002
            ],
            [
              126.8944635,
              37.5573146
            ],
            [
              126.8948582,
              37.5579994
            ],
            [
              126.8945263,
              37.5581111
            ],
            [
              126.8941346,
              37.5574342
            ],
            [
              126.8941126,
              37.557382
            ],
            [
              126.8939471,
              37.5573737
            ],
            [
              126.8938872,
              37.5571493
            ],
            [
              126.8938414,
              37.5568312
            ],
            [
              126.891778,
              37.5533877
            ],
            [
              126.8902593,
              37.5508492
            ],
            [
              126.8892666,
              37.5492091
            ],
            [
              126.8886016,
              37.5481569
            ],
            [
              126.8883293,
              37.5477775
            ],
            [
              126.8880879,
              37.5475657
            ],
            [
              126.8882314,
              37.5474052
            ],
            [
              126.8875704,
              37.5463646
            ]
          ]
        ]
      }
    },
    {
      "type": "Feature",
      "properties": {
        "nameKo": "동호대교",
        "sourceId": "osm:way/972539092",
        "sourceUrl": "https://www.openstreetmap.org/way/972539092",
        "wayIds": [
          "972539092"
        ],
        "osmTags": [
          {
            "bridge:structure": "truss",
            "layer": "1",
            "man_made": "bridge",
            "name": "동호대교",
            "name:el": "Γέφυρα Ντόγχο",
            "name:en": "Dongho Bridge",
            "name:ja": "東湖大橋",
            "name:ko": "동호대교",
            "name:zh": "东湖大桥",
            "wikidata": "Q623888",
            "wikipedia": "ko:동호대교"
          }
        ],
        "geometrySource": "closed OSM way outline(s) from /full"
      },
      "geometry": {
        "type": "Polygon",
        "coordinates": [
          [
            [
              127.0247463,
              37.5306888
            ],
            [
              127.0238799,
              37.5319475
            ],
            [
              127.0236818,
              37.5322538
            ],
            [
              127.0235393,
              37.5321881
            ],
            [
              127.0228824,
              37.5331584
            ],
            [
              127.0225727,
              37.5337894
            ],
            [
              127.0206934,
              37.5364637
            ],
            [
              127.0185518,
              37.5395336
            ],
            [
              127.0179769,
              37.5403193
            ],
            [
              127.0177757,
              37.540663
            ],
            [
              127.0180718,
              37.5408518
            ],
            [
              127.0190112,
              37.539622
            ],
            [
              127.0203518,
              37.5377029
            ],
            [
              127.0229406,
              37.5339949
            ],
            [
              127.0234919,
              37.5334049
            ],
            [
              127.0241229,
              37.5324703
            ],
            [
              127.0240036,
              37.532399
            ],
            [
              127.0242068,
              37.5320943
            ],
            [
              127.0250577,
              37.5308336
            ],
            [
              127.0250348,
              37.530823
            ],
            [
              127.0249931,
              37.5308036
            ],
            [
              127.0249591,
              37.5307878
            ],
            [
              127.0248358,
              37.5307304
            ],
            [
              127.0248049,
              37.530716
            ],
            [
              127.0247714,
              37.5307004
            ],
            [
              127.0247463,
              37.5306888
            ]
          ]
        ]
      }
    },
    {
      "type": "Feature",
      "properties": {
        "nameKo": "강동대교",
        "sourceId": "osm:way/206425129",
        "sourceUrl": "https://www.openstreetmap.org/way/206425129",
        "wayIds": [
          "buffered-centerline"
        ],
        "osmTags": [
          {
            "alt_name:de": "Erste Ringautobahn in der Metropolregion Hauptstadt",
            "alt_name:en": "Capital Region First Ring Expressway",
            "bridge": "yes",
            "bridge:name": "강동대교",
            "bridge:structure": "beam",
            "highway": "motorway",
            "lanes": "5",
            "layer": "1",
            "maxspeed": "100",
            "maxspeed:hgv": "80",
            "minspeed": "50",
            "name": "수도권제1순환고속도로",
            "name:de": "Expressway 100",
            "name:el": "Αυτοκινητόδρομος Σούντοκουον Τζε 1(ιλ) Σούνχουαν",
            "name:en": "Sudogwon Je1sunhwan Expressway",
            "name:ko": "수도권제1순환고속도로",
            "name:ko-Hani": "首都圈第一循環高速道路",
            "name:ko-Latn": "Sudogwonjeilsunhwangosokdoro",
            "name:nl": "Capital Region First Ring Expressway",
            "name:vi": "Đường cao tốc vành đai 1 vùng thủ đô Seoul",
            "name:zh": "首都圈一環高速公路",
            "name:zh-Hans": "首都圈一环高速公路",
            "name:zh-Hant": "首都圈一環高速公路",
            "old_name": "서울외곽순환고속도로",
            "old_name:en": "Seoul Ring Expressway",
            "old_name:ko": "서울외곽순환고속도로",
            "oneway": "yes",
            "operator": "한국도로공사",
            "operator:en": "Korea Expressway Corporation",
            "operator:ko": "한국도로공사",
            "operator:type": "public",
            "operator:wikidata": "Q489325",
            "owner": "대한민국 정부",
            "ownership": "national",
            "owner:wikidata": "Q626814",
            "ref": "100",
            "surface": "asphalt",
            "toll": "yes",
            "wikipedia": "ko:수도권제1순환고속도로"
          }
        ],
        "geometrySource": "buffered OSM centerline; width estimated",
        "widthBasis": "lanes*3.25m plus 2m margin"
      },
      "geometry": {
        "type": "Polygon",
        "coordinates": [
          [
            [
              127.16343276708287,
              37.57519217578713
            ],
            [
              127.16343436874632,
              37.575190179335685
            ],
            [
              127.16407418759886,
              37.574366642210876
            ],
            [
              127.1650679494533,
              37.57318547613056
            ],
            [
              127.16489585054673,
              37.57309452386944
            ],
            [
              127.16390105054673,
              37.57427692386944
            ],
            [
              127.16389903125372,
              37.57427942066432
            ],
            [
              127.16325901390758,
              37.57510321327838
            ],
            [
              127.16245313291716,
              37.57607642421287
            ],
            [
              127.16262606708284,
              37.576166375787125
            ],
            [
              127.16343276708287,
              37.57519217578713
            ]
          ]
        ]
      }
    },
    {
      "type": "Feature",
      "properties": {
        "nameKo": "방화대교",
        "sourceId": "osm:way/261477845",
        "sourceUrl": "https://www.openstreetmap.org/way/261477845",
        "wayIds": [
          "buffered-centerline"
        ],
        "osmTags": [
          {
            "bridge": "yes",
            "bridge:name": "방화대교",
            "bridge:name:ko": "방화대교",
            "highway": "motorway",
            "lanes": "3",
            "layer": "1",
            "maxspeed": "100",
            "mindistance": "100",
            "minspeed": "50",
            "motor_vehicle": "yes",
            "name": "인천국제공항고속도로",
            "name:el": "Αυτοκινητόδρομος Πιόνγκτεκ–Πάτζου",
            "name:en": "Incheon International Airport Expressway",
            "name:ja": "仁川国際空港高速道路",
            "name:ko": "인천국제공항고속도로",
            "name:ko-Hani": "平澤坡州高速道路",
            "name:ko-Latn": "Incheongukjegonghanggosokdoro",
            "name:zh": "平澤坡州高速公路",
            "name:zh-Hans": "平泽坡州高速公路",
            "name:zh-Hant": "平澤坡州高速公路",
            "old_ref": "20",
            "oneway": "yes",
            "operator": "신공항하이웨이(주)",
            "operator:addr:housenumber": "1048",
            "operator:addr:street": "봉수대로",
            "operator:en": "NEW AIRPORT HIWAY CO.,LTD.",
            "operator:ko": "신공항하이웨이(주)",
            "operator:phone": "+82-32-560-6114",
            "operator:type": "private",
            "operator:wikidata": "Q12604104",
            "operator:wikipedia": "ko:신공항하이웨이",
            "owner": "대한민국 정부",
            "ownership": "national",
            "owner:wikidata": "Q626814",
            "ref": "130",
            "start_date": "2000-11-21",
            "toll": "yes",
            "wikidata": "Q482936",
            "wikipedia": "ko:인천국제공항고속도로"
          }
        ],
        "geometrySource": "buffered OSM centerline; width estimated",
        "widthBasis": "lanes*3.25m plus 2m margin"
      },
      "geometry": {
        "type": "Polygon",
        "coordinates": [
          [
            [
              126.8302991454453,
              37.59110497058979
            ],
            [
              126.83029597960746,
              37.591101998136146
            ],
            [
              126.82973517960745,
              37.59061319813615
            ],
            [
              126.82973256185929,
              37.590611042519534
            ],
            [
              126.82312286185929,
              37.58546824251953
            ],
            [
              126.8231198439257,
              37.58546603499929
            ],
            [
              126.82241404392568,
              37.58498083499929
            ],
            [
              126.82241145055639,
              37.584979141149304
            ],
            [
              126.82213285055639,
              37.5848063411493
            ],
            [
              126.82212870689361,
              37.58480396850805
            ],
            [
              126.82198880689361,
              37.584730168508045
            ],
            [
              126.8215228043801,
              37.58448436718218
            ],
            [
              126.82144899561993,
              37.58457223281783
            ],
            [
              126.82191499428906,
              37.58481803211585
            ],
            [
              126.8220527637748,
              37.58489070822769
            ],
            [
              126.82232802578415,
              37.58506143785876
            ],
            [
              126.82303100413846,
              37.58554469812725
            ],
            [
              126.82963789070111,
              37.59068530908001
            ],
            [
              126.83019576831201,
              37.59117156189064
            ],
            [
              126.83094615455472,
              37.59193122941021
            ],
            [
              126.83105104544529,
              37.59186617058979
            ],
            [
              126.8302991454453,
              37.59110497058979
            ]
          ]
        ]
      }
    }
  ]
}
